{
  "accuracy": 0.49417248368263245,
  "loss": 1.4066331386566162,
  "val_accuracy": 0.3055555522441864,
  "val_loss": 1.8025214672088623,
  "epoch": 7,
  "global_step": 112
}