{
  "accuracy": 0.811188817024231,
  "loss": 0.6539586186408997,
  "val_accuracy": 0.5555555820465088,
  "val_loss": 1.3549026250839233,
  "epoch": 56,
  "global_step": 399
}