{
  "accuracy": 0.5920745730400085,
  "loss": 1.2092888355255127,
  "val_accuracy": 0.5,
  "val_loss": 1.536594271659851,
  "epoch": 3,
  "global_step": 28
}