{
  "accuracy": 0.9160839319229126,
  "loss": 0.30115053057670593,
  "val_accuracy": 0.6574074029922485,
  "val_loss": 0.9704424738883972,
  "epoch": 22,
  "global_step": 322
}