{
  "accuracy": 0.6783216595649719,
  "loss": 0.9939851760864258,
  "val_accuracy": 0.49074074625968933,
  "val_loss": 1.4815913438796997,
  "epoch": 62,
  "global_step": 441
}