{
  "accuracy": 0.7435897588729858,
  "loss": 0.7860438227653503,
  "val_accuracy": 0.5648148059844971,
  "val_loss": 1.3938285112380981,
  "epoch": 24,
  "global_step": 175
}