{
  "accuracy": 0.687645673751831,
  "loss": 0.9176440238952637,
  "val_accuracy": 0.5370370149612427,
  "val_loss": 1.4061328172683716,
  "epoch": 9,
  "global_step": 140
}