{
  "accuracy": 0.6293706297874451,
  "loss": 1.1068381071090698,
  "val_accuracy": 0.46296295523643494,
  "val_loss": 1.4972528219223022,
  "epoch": 96,
  "global_step": 679
}