{
  "accuracy": 0.6456876397132874,
  "loss": 1.0065574645996094,
  "val_accuracy": 0.5925925970077515,
  "val_loss": 1.2001627683639526,
  "epoch": 7,
  "global_step": 112
}