{
  "accuracy": 0.7156177163124084,
  "loss": 0.9102125763893127,
  "val_accuracy": 0.5,
  "val_loss": 1.4221848249435425,
  "epoch": 74,
  "global_step": 1050
}