{
  "accuracy": 0.8951048851013184,
  "loss": 0.4704231023788452,
  "val_accuracy": 0.5370370149612427,
  "val_loss": 1.4734793901443481,
  "epoch": 34,
  "global_step": 245
}