{
  "accuracy": 0.689976692199707,
  "loss": 0.9735029339790344,
  "val_accuracy": 0.5092592835426331,
  "val_loss": 1.528668999671936,
  "epoch": 6,
  "global_step": 98
}