{
  "accuracy": 0.6713286638259888,
  "loss": 1.0069361925125122,
  "val_accuracy": 0.5,
  "val_loss": 1.4766288995742798,
  "epoch": 5,
  "global_step": 84
}