{
  "accuracy": 0.6060606241226196,
  "loss": 1.144238829612732,
  "val_accuracy": 0.4444444477558136,
  "val_loss": 1.4622763395309448,
  "epoch": 6,
  "global_step": 98
}